id,type,status,title,pillar,industry,hook,length,cta,folder
R01,Reel,DRAFT,You Don't Have a Lead Problem,Conversion,Plumbing / HVAC,Your business doesn't have a lead problem.,29s,Follow,reels/R01-not-a-lead-problem
R02,Reel,DRAFT,Stop Boosting Posts,Paid Advertising,Cleaning,Stop hitting the boost button.,25s,Share,reels/R02-stop-boosting-posts
R03,Reel,DRAFT,"If I Had $1,000 to Market a Local Service Business",Business Growth,Local service (any),"If I had a thousand dollars to market a local service business, here's where it goes.",32s,Save,reels/R03-1000-dollar-plan
R04,Reel,DRAFT,Why Your Competitor Gets Customers You Should Be Getting,Competitor / Market Analysis,Home services,"Your competitor does worse work than you, and they're still busier.",23s,Follow,reels/R04-worse-work-busier
R05,Reel,DRAFT,Fifty Thousand Views. Zero Bookings.,Social Media Marketing,Auto detailing,Fifty thousand views. Zero bookings.,29s,Save,reels/R05-views-dont-pay-bills
R06,Reel,DRAFT,How We'd Market a Roofing Company From Zero,Customer Acquisition,Roofing,Here's how we'd market a roofing company starting from zero.,32s,Save,reels/R06-roofing-from-zero
R07,Reel,DRAFT,The Five-Minute Rule,Lead Generation,HVAC / Plumbing,A lead that waits an hour is probably a lead you've lost.,30s,Follow,reels/R07-five-minute-rule
R08,Reel,DRAFT,3 Reasons Your Ads Aren't Converting,Advertising Mistakes,Remodeling / Home improvement,"Three reasons your ads aren't converting, and none of them are the algorithm.",32s,Save,reels/R08-three-reasons-ads-dont-convert
R09,Reel,DRAFT,Your Service Is Great. Your Marketing Isn't Saying It.,Marketing Mistakes,HVAC,Your service might be great. Your marketing isn't saying it.,31s,Comment,reels/R09-specifics-sell
R10,Reel,DRAFT,10% Off Is Not an Offer,Offer Creation,Lawn care / Landscaping,Ten percent off is not an offer.,30s,Share,reels/R10-discounts-arent-offers
R11,Reel,DRAFT,Why Your Ads Die After Two Weeks,Paid Advertising,Landscaping,Your ad crushed it for two weeks. Then it died.,30s,Follow,reels/R11-ads-die-after-two-weeks
R12,Reel,DRAFT,"Retargeting, Explained in 30 Seconds",Retargeting,Remodeling,Most people won't book the first time they see you. That's normal.,26s,Save,reels/R12-retargeting-explained
R13,Reel,DRAFT,The Cheapest Leads Are the Most Expensive,Customer Acquisition,Moving,The cheapest leads are usually the most expensive.,27s,Share,reels/R13-cheapest-leads-most-expensive
R14,Reel,DRAFT,You Do Not Need to Go Viral,Marketing Myths,Electrical,You do not need to go viral.,27s,Follow,reels/R14-you-dont-need-viral
R15,Reel,DRAFT,That $150 Customer Isn't Worth $150,Business Growth,Pest control,That hundred-fifty-dollar customer isn't worth a hundred fifty dollars.,29s,Save,reels/R15-what-a-customer-is-worth
R16,Reel,DRAFT,Your Website Might Be Losing You Calls,Conversion,Auto repair,Your website might be losing you calls every day.,29s,Share,reels/R16-website-losing-calls
R17,Reel,DRAFT,Nobody Wants to Buy a Water Heater,Marketing Psychology,Plumbing,Nobody wants to buy a water heater.,29s,Follow,reels/R17-sell-the-outcome
R18,Reel,DRAFT,'Call Us Today' Is the Weakest Line in Your Ad,Conversion,Cleaning,Call us today might be the weakest line in your ad.,29s,Comment,reels/R18-call-us-today-weak-cta
R19,Reel,DRAFT,Your Slow Season Is a Head Start,Business Growth,Landscaping / HVAC,Your slow season isn't a break. It's a head start.,28s,Save,reels/R19-slow-season-head-start
R20,Reel,DRAFT,Your Cheapest New Job Is in Your Phone,Customer Acquisition,HVAC,Your cheapest new job is sitting in your phone right now.,29s,Share,reels/R20-past-customers-cheapest-ads
R21,Reel,DRAFT,Your Best Ad Is Already Written,Marketing Psychology,Moving / Home services,Your best ad isn't something you write. Your customers already wrote it.,30s,Follow,reels/R21-reviews-are-your-best-ad
R22,Reel,DRAFT,Instant Form or Landing Page?,Lead Generation,Local service (any),Instant form or landing page? Here's the honest answer.,35s,Save,reels/R22-instant-form-vs-landing-page
R23,Reel,DRAFT,"Before and After Videos, Done Right",Paid Advertising,Pressure washing / Detailing,Before and after videos work. Most people just film them backwards.,28s,Share,reels/R23-before-after-done-right
R24,Reel,DRAFT,The Three-Second Test for Your Instagram,Marketing Mistakes,Electrical / Home services,Try the three-second test on your Instagram.,23s,Comment,reels/R24-three-second-test
R25,Reel,DRAFT,What We Check First When We Audit Your Marketing,Vantier Authority,Service businesses,"When we look at a service business's marketing, the ads are not the first thing we check.",29s,DM,reels/R25-what-we-check-first
R26,Reel,DRAFT,Your Creative Is Your Targeting,Paid Advertising,Roofing / Gyms,Stop obsessing over interest targeting.,29s,Follow,reels/R26-creative-is-targeting
R27,Reel,DRAFT,You Sent the Quote and Never Heard Back,Conversion,Remodeling / Construction,"You sent the quote, and never heard back.",32s,Save,reels/R27-quote-limbo
R28,Reel,DRAFT,Gyms: Stop Selling Memberships in Your Ads,Offer Creation,Gyms / Fitness,"Gyms, stop selling memberships in your ads.",28s,Tag,reels/R28-gyms-sell-the-start
R29,Reel,DRAFT,Barbers & Stylists: Turn Instagram Into a Booking Engine,Social Media Marketing,Salons / Barbershops,"Barbers and stylists, your Instagram is a portfolio. It should be a booking engine.",32s,Follow,reels/R29-instagram-booking-engine
R30,Reel,DRAFT,Being the Cheapest Is Costing You,Marketing Psychology,Cleaning,Being the cheapest option is costing you more than you think.,32s,Comment,reels/R30-cheapest-costs-most
R31,Reel,DRAFT,"Before You Hire Any Marketing Agency, Ask This",Vantier Authority,Service businesses,"Before you hire any marketing agency, ask them this.",27s,Save,reels/R31-ask-any-agency-this
R32,Reel,DRAFT,It's 10 PM and You're Supposed to Post on Instagram,Business Owner Pain Points,Roofing / Contractors,"It's ten p.m. You just finished invoices, and now you're supposed to post on Instagram.",32s,Share,reels/R32-owner-at-10pm
R33,Reel,DRAFT,Should You Put Prices in Your Ads?,Marketing Psychology,Landscaping / Lawn care,Should you put prices in your ads?,29s,Comment,reels/R33-prices-in-ads
R34,Reel,DRAFT,How We'd Build a Lead-Gen System for a Local Service Business,Vantier Authority,Service businesses,Here's how we'd build a lead gen system for a local service business.,36s,DM,reels/R34-lead-gen-system
C01,Carousel,DRAFT,5 Meta Ad Mistakes Quietly Draining Your Budget,Advertising Mistakes,Service businesses,5 Meta ad mistakes quietly draining your budget,8 slides,Save,carousels/C01-meta-ad-setup-mistakes
C02,Carousel,DRAFT,Anatomy of an Ad That Books Jobs,Paid Advertising,Roofing (example),Anatomy of an ad that books jobs,8 slides,DM,carousels/C02-anatomy-of-an-ad-that-books-jobs
C03,Carousel,DRAFT,How Much Can You Afford to Pay for a Lead?,Business Growth,Roofing / Remodeling,How much can you afford to pay for a lead?,7 slides,Save,carousels/C03-max-you-can-pay-for-a-lead
C04,Carousel,DRAFT,8 Offers That Beat 'Free Estimate',Offer Creation,Multiple trades,8 offers that beat “free estimate”,10 slides,Save,carousels/C04-offers-that-beat-free-estimate
C05,Carousel,DRAFT,What to Post This Week (Service Business Edition),Social Media Marketing,Service businesses,What to post this week if you run a service business,9 slides,Save,carousels/C05-weekly-content-plan
C06,Carousel,DRAFT,6 Marketing Myths Costing You Jobs,Marketing Myths,Service businesses,6 marketing myths costing you jobs,8 slides,Comment,carousels/C06-marketing-myths
C07,Carousel,DRAFT,Read Your Ads Dashboard Like an Owner,Paid Advertising,Service businesses,Read your ads dashboard in 60 seconds,8 slides,Save,carousels/C07-read-your-ads-dashboard
C08,Carousel,DRAFT,4 Follow-Up Texts That Turn Leads Into Booked Jobs,Lead Generation,Home services,4 follow-up texts that turn leads into booked jobs,8 slides,Save,carousels/C08-follow-up-texts
C09,Carousel,DRAFT,Agents: Your Listing Ads Should Win Listings,Customer Acquisition,Real estate,Agents: use every listing to win the next one,8 slides,Share,carousels/C09-real-estate-win-listings
C10,Carousel,DRAFT,Why Your Remodeling Ads Get Clicks but Not Contracts,Customer Acquisition,Remodeling / Construction,Why your remodeling ads get clicks but not contracts,8 slides,Follow,carousels/C10-big-ticket-runway
C11,Carousel,DRAFT,Google Ads or Meta Ads: Which First?,Paid Advertising,Service businesses,Google Ads or Meta Ads: which one should you start with?,7 slides,Comment,carousels/C11-google-vs-meta-ads
C12,Carousel,DRAFT,10 Hooks That Stop the Scroll,Marketing Psychology,Multiple trades,10 hooks that stop the scroll (for service businesses),8 slides,Save,carousels/C12-hooks-that-stop-the-scroll
C13,Carousel,DRAFT,6 Ad Formats That Work for Local Service Businesses,Paid Advertising,Service businesses,6 ad formats that work for local service businesses,9 slides,Comment,carousels/C13-ad-formats-that-work
C14,Carousel,DRAFT,Empty Chairs on Tuesday? Try This.,Customer Acquisition,Salons / Barbershops,Empty chairs on Tuesday? Try this.,8 slides,Share,carousels/C14-fill-slow-weekdays
C15,Carousel,DRAFT,Why People Don't Trust Auto Shops (and How to Flip It),Marketing Psychology,Auto repair,"Why people don't trust auto shops, and how to flip it",8 slides,Follow,carousels/C15-auto-repair-trust
C16,Carousel,DRAFT,Your Phone Is All You Need to Make Great Ads,Social Media Marketing,Service businesses,Your phone is all you need to make great ads,8 slides,Save,carousels/C16-shoot-ads-on-your-phone
C17,Carousel,DRAFT,How to See Every Ad Your Competitors Are Running,Competitor / Market Analysis,Service businesses,How to see every ad your competitors are running (free),8 slides,Share,carousels/C17-see-competitors-ads
C18,Carousel,DRAFT,What Happens When You Work With Vantier,Vantier Authority,Service businesses,What happens when you work with Vantier,9 slides,DM,carousels/C18-how-vantier-works
